ο»ΏDate,Price,Day,30D
2026-07-07,2.48,β–Ό-0.020(-0.80%),β–Ό-0.670(-21.27%)
2026-07-08,2.46,β–Ό-0.020(-0.81%),β–Ό-0.640(-20.65%)
2026-07-09,2.48,β–²+0.020(+0.81%),β–Ό-0.530(-17.61%)
2026-07-10,2.52,β–²+0.040(+1.61%),β–Ό-0.390(-13.40%)
2026-07-11,2.5,β–Ό-0.020(-0.79%),β–Ό-0.240(-8.76%)
2026-07-12,2.55,β–²+0.050(+2.00%),β–Ό-0.120(-4.49%)
2026-07-13,2.61,β–²+0.060(+2.35%),β–²+0.020(+0.77%)
2026-07-14,2.51,β–Ό-0.100(-3.83%),β–Ό-0.030(-1.18%)
2026-07-15,2.65,β–²+0.140(+5.58%),β–²+0.170(+6.85%)
2026-07-16,2.69,β–²+0.040(+1.51%),β–²+0.210(+8.47%)
2026-07-17,2.65,β–Ό-0.040(-1.49%),β–²+0.220(+9.05%)
2026-07-18,2.67,β–²+0.020(+0.75%),β–²+0.250(+10.33%)
2026-07-19,2.71,β–²+0.040(+1.50%),β–²+0.310(+12.92%)
2026-07-20,2.68,β–Ό-0.030(-1.11%),β–²+0.340(+14.53%)
2026-07-21,2.73,β–²+0.050(+1.87%),β–²+0.440(+19.21%)
2026-07-22,2.7,β–Ό-0.030(-1.10%),β–²+0.390(+16.88%)
